time,state_id,state_name,dwell_time,snr_db,packet_loss,latency_ms,fault_risk
0.00,0,Normal,0.00,26.223,0.00347,0.845,0.0040
1.00,0,Normal,1.00,28.889,0.00124,0.909,0.0040
2.00,0,Normal,2.00,26.960,0.00762,0.883,0.0040
3.00,0,Normal,3.00,29.651,0.00000,1.600,0.0040
4.00,0,Normal,4.00,27.247,0.00404,1.320,0.0040
5.00,0,Normal,5.00,25.643,0.00082,1.198,0.0120
6.00,0,Normal,6.00,26.994,0.01074,0.325,0.0120
7.00,0,Normal,7.00,27.061,0.00901,1.004,0.0120
8.00,0,Normal,8.00,26.652,0.00000,0.710,0.0120
9.00,0,Normal,9.00,28.004,0.00680,0.776,0.0120
10.00,0,Normal,10.00,28.566,0.01018,0.300,0.0200
11.00,0,Normal,11.00,29.926,0.00773,1.306,0.0200
12.00,0,Normal,12.00,25.604,0.00641,1.117,0.0200
13.00,0,Normal,13.00,27.674,0.00589,0.622,0.0200
14.00,0,Normal,14.00,30.753,0.01046,0.880,0.0200
15.00,0,Normal,15.00,27.164,0.01453,1.314,0.0160
16.00,0,Normal,16.00,29.537,0.00608,0.868,0.0160
17.00,0,Normal,17.00,29.045,0.00436,0.747,0.0160
18.00,0,Normal,18.00,26.522,0.00816,0.670,0.0160
19.00,0,Normal,19.00,28.044,0.00535,1.005,0.0160
20.00,0,Normal,20.00,28.307,0.00588,0.868,0.0360
21.00,0,Normal,21.00,30.081,0.00790,1.549,0.0360
22.00,0,Normal,22.00,27.109,0.00240,0.679,0.0360
23.00,0,Normal,23.00,29.859,0.00000,0.534,0.0360
24.00,0,Normal,24.00,27.232,0.00483,0.721,0.0360
25.00,0,Normal,25.00,30.888,0.00030,1.918,0.0160
26.00,0,Normal,26.00,27.138,0.00270,0.862,0.0160
27.00,0,Normal,27.00,27.324,0.01080,0.830,0.0160
28.00,0,Normal,28.00,25.614,0.00000,0.200,0.0160
29.00,0,Normal,29.00,28.223,0.00000,0.316,0.0160
30.00,0,Normal,30.00,28.217,0.00754,1.370,0.0320
31.00,0,Normal,31.00,28.870,0.00952,1.057,0.0320
32.00,0,Normal,32.00,26.941,0.00021,1.023,0.0320
33.00,0,Normal,33.00,28.940,0.00430,0.682,0.0320
34.00,0,Normal,34.00,25.459,0.00597,0.200,0.0320
35.00,0,Normal,35.00,30.841,0.00215,0.243,0.0600
36.00,0,Normal,36.00,28.945,0.01266,0.200,0.0600
37.00,0,Normal,37.00,27.152,0.00000,1.340,0.0600
38.00,0,Normal,38.00,27.535,0.00000,1.392,0.0600
39.00,0,Normal,39.00,25.750,0.00739,0.360,0.0600
40.00,0,Normal,40.00,25.366,0.00704,0.723,0.0160
41.00,0,Normal,41.00,28.325,0.01066,1.679,0.0160
42.00,0,Normal,42.00,29.434,0.00444,1.292,0.0160
43.00,0,Normal,43.00,24.649,0.00343,0.591,0.0160
44.00,0,Normal,44.00,30.882,0.00594,1.223,0.0160
45.00,0,Normal,45.00,25.766,0.00775,0.512,0.0200
46.00,0,Normal,46.00,29.132,0.00193,0.693,0.0200
47.00,0,Normal,47.00,28.613,0.00677,1.046,0.0200
48.00,0,Normal,48.00,25.792,0.00535,1.304,0.0200
49.00,0,Normal,49.00,25.823,0.00470,0.334,0.0200
50.00,0,Normal,50.00,28.090,0.00223,1.591,0.0320
51.00,0,Normal,51.00,26.550,0.00555,1.257,0.0320
52.00,0,Normal,52.00,26.778,0.00250,1.200,0.0320
53.00,0,Normal,53.00,27.620,0.00903,0.200,0.0320
54.00,0,Normal,54.00,28.894,0.00630,1.092,0.0320
55.00,0,Normal,55.00,25.676,0.00000,1.053,0.0480
56.00,0,Normal,56.00,29.393,0.00000,0.898,0.0480
57.00,0,Normal,57.00,27.433,0.00000,1.579,0.0480
58.00,0,Normal,58.00,24.162,0.00565,0.685,0.0480
59.00,0,Normal,59.00,27.051,0.01149,1.299,0.0480
60.00,0,Normal,60.00,28.328,0.00337,0.277,0.0480
61.00,0,Normal,61.00,27.325,0.01071,0.200,0.0480
62.00,0,Normal,62.00,28.119,0.00087,1.182,0.0480
63.00,0,Normal,63.00,27.720,0.00325,0.588,0.0480
64.00,0,Normal,64.00,27.638,0.00797,0.719,0.0480
65.00,0,Normal,65.00,26.802,0.00023,1.072,0.0520
66.00,0,Normal,66.00,28.078,0.00000,1.025,0.0520
67.00,0,Normal,67.00,27.881,0.01021,0.966,0.0520
68.00,0,Normal,68.00,27.999,0.00000,1.209,0.0520
69.00,0,Normal,69.00,28.892,0.00188,0.949,0.0520
70.00,0,Normal,70.00,27.426,0.00288,0.715,0.0680
71.00,0,Normal,71.00,28.850,0.00000,0.325,0.0680
72.00,0,Normal,72.00,26.724,0.01087,0.944,0.0680
73.00,0,Normal,73.00,27.852,0.00948,1.283,0.0680
74.00,0,Normal,74.00,32.857,0.00504,1.084,0.0680
75.00,0,Normal,75.00,28.331,0.00752,1.632,0.0600
76.00,0,Normal,76.00,26.677,0.00568,0.232,0.0600
77.00,0,Normal,77.00,29.130,0.00871,1.068,0.0600
78.00,0,Normal,78.00,27.640,0.00356,0.473,0.0600
79.00,0,Normal,79.00,27.035,0.00000,1.564,0.0600
80.00,0,Normal,80.00,28.224,0.00000,1.178,0.0640
81.00,0,Normal,81.00,29.096,0.00668,0.894,0.0640
82.00,0,Normal,82.00,29.429,0.01020,0.757,0.0640
83.00,0,Normal,83.00,25.568,0.00077,1.484,0.0640
84.00,0,Normal,84.00,26.082,0.00988,1.275,0.0640
85.00,0,Normal,85.00,28.837,0.00496,1.399,0.0680
86.00,0,Normal,86.00,28.095,0.00322,1.062,0.0680
87.00,0,Normal,87.00,26.560,0.00000,0.606,0.0680
88.00,0,Normal,88.00,31.887,0.00379,0.451,0.0680
89.00,0,Normal,89.00,26.930,0.00409,1.194,0.0680
90.00,0,Normal,90.00,29.104,0.00000,0.645,0.0640
91.00,0,Normal,91.00,28.652,0.00000,0.861,0.0640
92.00,0,Normal,92.00,28.503,0.00286,0.835,0.0640
93.00,0,Normal,93.00,28.501,0.01030,1.346,0.0640
94.00,0,Normal,94.00,24.247,0.00666,0.901,0.0640
95.00,0,Normal,95.00,26.726,0.01450,1.798,0.0640
96.00,0,Normal,96.00,26.596,0.00165,1.764,0.0640
97.00,0,Normal,97.00,23.671,0.00054,1.717,0.0640
98.00,0,Normal,98.00,30.459,0.00873,1.005,0.0640
99.00,0,Normal,99.00,28.379,0.01261,0.645,0.0640
100.00,0,Normal,100.00,27.973,0.00835,1.359,0.0720
101.00,0,Normal,101.00,27.368,0.01815,0.207,0.0720
102.00,0,Normal,102.00,27.865,0.00024,0.391,0.0720
103.00,0,Normal,103.00,25.097,0.00251,1.676,0.0720
104.00,0,Normal,104.00,29.196,0.00000,0.819,0.0720
105.00,0,Normal,105.00,27.391,0.01281,1.041,0.0360
106.00,0,Normal,106.00,24.895,0.00939,1.208,0.0360
107.00,0,Normal,107.00,27.301,0.00834,1.026,0.0360
108.00,0,Normal,108.00,28.073,0.00632,0.448,0.0360
109.00,0,Normal,109.00,27.569,0.00110,1.811,0.0360
110.00,0,Normal,110.00,28.476,0.00819,1.062,0.0320
111.00,0,Normal,111.00,28.463,0.00000,1.148,0.0320
112.00,0,Normal,112.00,29.046,0.00283,1.417,0.0320
113.00,0,Normal,113.00,27.965,0.00297,1.405,0.0320
114.00,0,Normal,114.00,25.207,0.01018,1.869,0.0320
115.00,0,Normal,115.00,27.967,0.01673,1.153,0.1120
116.00,0,Normal,116.00,29.697,0.01021,0.961,0.1120
117.00,0,Normal,117.00,30.331,0.00076,1.246,0.1120
118.00,0,Normal,118.00,28.548,0.00075,0.847,0.1120
119.00,0,Normal,119.00,25.659,0.00472,0.867,0.1120
120.00,0,Normal,120.00,25.719,0.00146,0.765,0.0520
121.00,0,Normal,121.00,25.644,0.00000,1.550,0.0520
122.00,0,Normal,122.00,28.575,0.01087,1.402,0.0520
123.00,0,Normal,123.00,25.730,0.00977,1.245,0.0520
124.00,0,Normal,124.00,27.118,0.00394,0.479,0.0520
125.00,0,Normal,125.00,26.286,0.00538,1.061,0.0960
126.00,0,Normal,126.00,28.617,0.00303,0.846,0.0960
127.00,0,Normal,127.00,26.779,0.01128,0.729,0.0960
128.00,0,Normal,128.00,27.514,0.00611,1.361,0.0960
129.00,0,Normal,129.00,27.485,0.01077,1.152,0.0960
130.00,0,Normal,130.00,27.378,0.01139,1.385,0.0920
131.00,0,Normal,131.00,22.483,0.00000,0.200,0.0920
132.00,0,Normal,132.00,27.505,0.00796,0.925,0.0920
133.00,0,Normal,133.00,29.646,0.00234,0.711,0.0920
134.00,0,Normal,134.00,29.629,0.00581,1.253,0.0920
135.00,0,Normal,135.00,32.204,0.00861,1.378,0.0720
136.00,0,Normal,136.00,31.190,0.01018,0.671,0.0720
137.00,0,Normal,137.00,28.459,0.00315,1.983,0.0720
138.00,0,Normal,138.00,25.316,0.00068,1.382,0.0720
139.00,0,Normal,139.00,28.896,0.00307,0.515,0.0720
140.00,0,Normal,140.00,26.358,0.00700,1.014,0.0440
141.00,0,Normal,141.00,27.108,0.00275,0.863,0.0440
142.00,0,Normal,0.55,27.855,0.00188,1.557,0.0040
143.00,0,Normal,1.55,26.065,0.00455,1.034,0.0040
144.00,0,Normal,2.55,25.976,0.00882,0.669,0.0040
145.00,0,Normal,3.55,25.045,0.00609,0.403,0.0040
146.00,0,Normal,4.55,27.959,0.00101,0.348,0.0040
147.00,0,Normal,5.55,26.986,0.00332,1.521,0.0120
148.00,0,Normal,6.55,28.994,0.00631,1.998,0.0120
149.00,0,Normal,7.55,29.692,0.00443,1.248,0.0120
150.00,0,Normal,8.55,30.826,0.00795,0.444,0.0120
151.00,0,Normal,9.55,29.854,0.00584,0.852,0.0120
152.00,0,Normal,10.55,27.483,0.00000,1.407,0.0200
153.00,0,Normal,11.55,26.810,0.00407,1.573,0.0200
154.00,0,Normal,12.55,26.742,0.01600,0.611,0.0200
155.00,0,Normal,13.55,30.212,0.00133,1.163,0.0200
156.00,0,Normal,14.55,26.968,0.00648,0.917,0.0200
157.00,0,Normal,15.55,31.261,0.00956,0.959,0.0160
158.00,0,Normal,16.55,28.769,0.00084,0.745,0.0160
159.00,0,Normal,17.55,26.803,0.00169,1.100,0.0160
160.00,0,Normal,18.55,28.286,0.00282,1.363,0.0160
161.00,0,Normal,19.55,27.189,0.00092,0.354,0.0160
162.00,0,Normal,20.55,26.657,0.00892,0.218,0.0360
163.00,0,Normal,21.55,26.601,0.00181,1.204,0.0360
164.00,0,Normal,22.55,26.730,0.01295,2.014,0.0360
165.00,0,Normal,23.55,27.163,0.00969,0.200,0.0360
166.00,0,Normal,24.55,26.716,0.00502,2.181,0.0360
167.00,0,Normal,25.55,28.733,0.00303,0.813,0.0160
168.00,0,Normal,26.55,28.203,0.00000,0.649,0.0160
169.00,0,Normal,27.55,26.860,0.00775,0.952,0.0160
170.00,0,Normal,28.55,27.745,0.00960,0.888,0.0160
171.00,0,Normal,29.55,30.291,0.00892,0.824,0.0160
172.00,0,Normal,30.55,26.034,0.01337,1.234,0.0320
173.00,0,Normal,31.55,28.193,0.00850,1.009,0.0320
174.00,0,Normal,32.55,28.910,0.00297,1.038,0.0320
175.00,0,Normal,33.55,27.625,0.00811,1.529,0.0320
176.00,0,Normal,34.55,27.536,0.00685,0.200,0.0320
177.00,0,Normal,35.55,28.884,0.00697,0.789,0.0600
178.00,0,Normal,36.55,29.757,0.00613,0.850,0.0600
179.00,0,Normal,37.55,29.426,0.00000,0.769,0.0600
180.00,0,Normal,38.55,30.415,0.00359,1.332,0.0600
181.00,0,Normal,39.55,27.745,0.00851,1.398,0.0600
182.00,0,Normal,40.55,27.625,0.00512,0.546,0.0160
183.00,0,Normal,41.55,30.033,0.00268,0.329,0.0160
184.00,0,Normal,42.55,25.294,0.00000,1.122,0.0160
185.00,0,Normal,43.55,25.077,0.00700,0.438,0.0160
186.00,0,Normal,44.55,28.821,0.01010,0.966,0.0160
187.00,0,Normal,45.55,25.155,0.01224,1.012,0.0200
188.00,0,Normal,46.55,28.090,0.00445,1.357,0.0200
189.00,0,Normal,47.55,29.025,0.00162,1.615,0.0200
190.00,0,Normal,48.55,29.357,0.00000,0.720,0.0200
191.00,0,Normal,49.55,26.201,0.00656,1.622,0.0200
192.00,0,Normal,50.55,24.337,0.00000,1.106,0.0320
193.00,0,Normal,51.55,30.201,0.01073,0.606,0.0320
194.00,0,Normal,52.55,30.093,0.01159,1.072,0.0320
195.00,0,Normal,53.55,31.534,0.00056,1.131,0.0320
196.00,0,Normal,54.55,26.886,0.00163,0.200,0.0320
197.00,0,Normal,55.55,27.015,0.00873,0.879,0.0480
198.00,0,Normal,56.55,25.491,0.00788,1.099,0.0480
199.00,0,Normal,57.55,31.965,0.00928,1.886,0.0480
200.00,0,Normal,58.55,29.954,0.01041,1.169,0.0480
201.00,0,Normal,59.55,27.304,0.00435,1.411,0.0480
202.00,0,Normal,60.55,28.045,0.00040,1.496,0.0480
203.00,0,Normal,61.55,27.091,0.00334,0.200,0.0480
204.00,0,Normal,62.55,28.274,0.01564,1.058,0.0480
205.00,0,Normal,63.55,29.370,0.00403,0.255,0.0480
206.00,0,Normal,64.55,29.431,0.01070,0.996,0.0480
207.00,0,Normal,65.55,27.511,0.00783,0.732,0.0520
208.00,0,Normal,66.55,23.365,0.00730,1.924,0.0520
209.00,0,Normal,67.55,24.085,0.00143,0.539,0.0520
210.00,0,Normal,68.55,29.841,0.00601,1.089,0.0520
211.00,0,Normal,69.55,26.818,0.01020,1.810,0.0520
212.00,0,Normal,70.55,23.809,0.00061,0.657,0.0680
213.00,0,Normal,71.55,32.368,0.00576,0.385,0.0680
214.00,0,Normal,72.55,26.909,0.00707,1.306,0.0680
215.00,0,Normal,73.55,25.505,0.00352,0.567,0.0680
216.00,0,Normal,74.55,30.206,0.00539,0.965,0.0680
217.00,0,Normal,75.55,30.089,0.00843,2.159,0.0600
218.00,0,Normal,76.55,27.413,0.00094,0.200,0.0600
219.00,0,Normal,77.55,27.235,0.00755,0.748,0.0600
220.00,0,Normal,78.55,30.037,0.00095,0.472,0.0600
221.00,0,Normal,79.55,26.183,0.01224,1.068,0.0600
222.00,0,Normal,80.55,26.811,0.00000,1.130,0.0640
223.00,0,Normal,81.55,27.134,0.00286,0.781,0.0640
224.00,0,Normal,82.55,31.467,0.00668,1.238,0.0640
225.00,0,Normal,83.55,27.578,0.00465,2.348,0.0640
226.00,0,Normal,84.55,27.649,0.00209,1.206,0.0640
227.00,0,Normal,85.55,30.185,0.00359,1.064,0.0680
228.00,0,Normal,86.55,29.709,0.00638,1.038,0.0680
229.00,0,Normal,87.55,27.721,0.00701,1.683,0.0680
230.00,0,Normal,88.55,28.185,0.00059,1.074,0.0680
231.00,0,Normal,89.55,27.200,0.00647,1.353,0.0680
232.00,0,Normal,90.55,26.000,0.00324,1.705,0.0640
233.00,0,Normal,91.55,26.897,0.00405,1.774,0.0640
234.00,0,Normal,92.55,27.538,0.00304,1.052,0.0640
235.00,0,Normal,93.55,29.142,0.00391,1.187,0.0640
236.00,0,Normal,94.55,28.975,0.00749,1.831,0.0640
237.00,0,Normal,95.55,29.852,0.00608,0.543,0.0640
238.00,0,Normal,96.55,30.178,0.01720,0.324,0.0640
239.00,0,Normal,97.55,27.089,0.01059,0.228,0.0640
240.00,0,Normal,98.55,25.212,0.00917,2.186,0.0640
241.00,0,Normal,99.55,30.921,0.00598,1.717,0.0640
242.00,0,Normal,100.55,23.074,0.00188,0.200,0.0720
243.00,0,Normal,101.55,29.656,0.00000,1.013,0.0720
244.00,0,Normal,102.55,30.411,0.00000,1.628,0.0720
245.00,0,Normal,103.55,31.786,0.00444,1.032,0.0720
246.00,0,Normal,104.55,28.677,0.00493,0.872,0.0720
247.00,0,Normal,105.55,26.454,0.00000,1.465,0.0360
248.00,0,Normal,106.55,27.467,0.00821,1.688,0.0360
249.00,0,Normal,107.55,27.353,0.00000,1.987,0.0360
250.00,0,Normal,108.55,29.130,0.00000,0.200,0.0360
251.00,0,Normal,109.55,28.526,0.00677,0.562,0.0360
252.00,0,Normal,110.55,28.310,0.00000,1.102,0.0320
253.00,0,Normal,111.55,28.596,0.00990,0.604,0.0320
254.00,0,Normal,112.55,26.423,0.00173,1.181,0.0320
255.00,0,Normal,113.55,27.928,0.00325,0.645,0.0320
256.00,0,Normal,114.55,29.767,0.00000,1.097,0.0320
257.00,0,Normal,115.55,27.996,0.00885,0.877,0.1120
258.00,0,Normal,116.55,25.767,0.00365,0.200,0.1120
259.00,0,Normal,117.55,27.944,0.00676,0.698,0.1120
260.00,0,Normal,118.55,29.373,0.00634,0.990,0.1120
261.00,0,Normal,119.55,28.867,0.00772,1.726,0.1120
262.00,0,Normal,120.55,27.526,0.00650,1.444,0.0520
263.00,0,Normal,121.55,30.175,0.00193,1.076,0.0520
264.00,0,Normal,122.55,27.563,0.01511,1.234,0.0520
265.00,0,Normal,123.55,28.695,0.00660,1.461,0.0520
266.00,2,Severe abnormal,0.61,14.716,0.18528,10.273,0.6880
267.00,2,Severe abnormal,1.61,18.063,0.10571,8.616,0.6880
268.00,2,Severe abnormal,2.61,7.805,0.12854,5.903,0.6880
269.00,2,Severe abnormal,3.61,7.489,0.13771,5.839,0.6880
270.00,2,Severe abnormal,4.61,11.877,0.12367,6.925,0.6880
271.00,2,Severe abnormal,5.61,8.398,0.16910,6.383,0.7080
272.00,2,Severe abnormal,6.61,13.780,0.14955,6.968,0.7080
273.00,2,Severe abnormal,7.61,9.413,0.11626,7.815,0.7080
274.00,2,Severe abnormal,8.61,7.779,0.14007,7.963,0.7080
275.00,3,Fault/repair,0.85,3.764,0.26463,27.483,1.0000
276.00,3,Fault/repair,1.85,2.513,0.95637,38.468,1.0000
277.00,3,Fault/repair,2.85,0.512,0.88673,37.401,1.0000
278.00,3,Fault/repair,3.85,2.908,0.61819,26.084,1.0000
279.00,3,Fault/repair,4.85,1.478,1.00000,31.156,1.0000
280.00,3,Fault/repair,5.85,1.797,0.93147,35.374,1.0000
281.00,3,Fault/repair,6.85,2.403,0.25101,31.625,1.0000
282.00,3,Fault/repair,7.85,2.096,0.69861,37.582,1.0000
283.00,3,Fault/repair,8.85,-1.010,0.95319,33.430,1.0000
284.00,3,Fault/repair,9.85,2.265,0.22473,34.732,1.0000
285.00,3,Fault/repair,10.85,2.910,0.27602,33.411,1.0000
286.00,3,Fault/repair,11.85,3.153,0.62740,33.218,1.0000
287.00,3,Fault/repair,12.85,2.389,0.61687,30.059,1.0000
288.00,3,Fault/repair,13.85,1.943,0.76387,29.269,1.0000
289.00,3,Fault/repair,14.85,4.721,0.78628,21.264,1.0000
290.00,3,Fault/repair,15.85,1.785,0.88023,37.230,1.0000
291.00,3,Fault/repair,16.85,1.278,0.42153,28.939,1.0000
292.00,3,Fault/repair,17.85,3.116,0.74606,27.118,1.0000
293.00,3,Fault/repair,18.85,1.441,0.65114,31.400,1.0000
294.00,3,Fault/repair,19.85,0.680,0.37102,25.276,1.0000
295.00,3,Fault/repair,20.85,2.326,0.78449,35.374,1.0000
296.00,3,Fault/repair,21.85,1.643,0.55150,21.519,1.0000
297.00,3,Fault/repair,22.85,4.821,0.40643,11.668,1.0000
298.00,0,Normal,0.22,25.979,0.00564,0.882,0.0040
299.00,0,Normal,1.22,28.240,0.01133,0.723,0.0040
300.00,0,Normal,2.22,26.109,0.00000,1.367,0.0040
301.00,0,Normal,3.22,28.661,0.00000,0.293,0.0040
302.00,0,Normal,4.22,29.509,0.00308,1.151,0.0040
303.00,0,Normal,5.22,27.585,0.00530,0.200,0.0120
304.00,0,Normal,6.22,27.829,0.00696,0.911,0.0120
305.00,0,Normal,7.22,30.869,0.01164,2.123,0.0120
306.00,0,Normal,8.22,26.274,0.00105,0.976,0.0120
307.00,0,Normal,9.22,29.382,0.01051,0.841,0.0120
308.00,0,Normal,10.22,30.791,0.00367,0.367,0.0200
309.00,0,Normal,11.22,25.800,0.00000,0.200,0.0200
310.00,0,Normal,12.22,28.606,0.00004,1.299,0.0200
311.00,0,Normal,13.22,27.385,0.00364,1.277,0.0200
312.00,0,Normal,14.22,25.500,0.00835,0.572,0.0200
313.00,0,Normal,15.22,29.322,0.00471,0.200,0.0160
314.00,0,Normal,16.22,29.428,0.00433,0.682,0.0160
315.00,0,Normal,17.22,27.503,0.00000,0.979,0.0160
316.00,0,Normal,18.22,29.922,0.01012,0.200,0.0160
317.00,0,Normal,19.22,27.627,0.00102,1.097,0.0160
318.00,0,Normal,20.22,29.914,0.00730,0.683,0.0360
319.00,0,Normal,21.22,26.193,0.00779,1.503,0.0360
320.00,0,Normal,22.22,27.529,0.00787,0.994,0.0360
321.00,0,Normal,23.22,27.075,0.00732,1.334,0.0360
322.00,0,Normal,24.22,30.631,0.00351,0.843,0.0360
323.00,0,Normal,25.22,26.795,0.00209,0.603,0.0160
324.00,0,Normal,26.22,25.576,0.00192,0.812,0.0160
325.00,0,Normal,27.22,32.031,0.00662,1.157,0.0160
326.00,0,Normal,28.22,29.489,0.00256,0.673,0.0160
327.00,0,Normal,29.22,28.854,0.00041,1.584,0.0160
328.00,0,Normal,30.22,27.456,0.00000,0.787,0.0320
329.00,0,Normal,31.22,30.412,0.00331,0.839,0.0320
330.00,0,Normal,32.22,27.189,0.00249,0.200,0.0320
331.00,0,Normal,0.61,26.351,0.00096,0.846,0.0040
332.00,0,Normal,1.61,29.319,0.00273,1.138,0.0040
333.00,0,Normal,2.61,24.929,0.00636,0.894,0.0040
334.00,0,Normal,3.61,25.875,0.01594,1.006,0.0040
335.00,0,Normal,4.61,26.743,0.00000,1.667,0.0040
336.00,0,Normal,5.61,25.573,0.00878,0.757,0.0120
337.00,0,Normal,6.61,31.503,0.00534,1.182,0.0120
338.00,0,Normal,7.61,23.331,0.00478,0.608,0.0120
339.00,0,Normal,8.61,24.568,0.00799,0.841,0.0120
340.00,0,Normal,9.61,28.244,0.00677,0.379,0.0120
341.00,0,Normal,10.61,28.375,0.00848,1.741,0.0200
342.00,0,Normal,11.61,30.098,0.00434,1.428,0.0200
343.00,0,Normal,12.61,28.334,0.00000,1.172,0.0200
344.00,0,Normal,13.61,26.928,0.00614,1.083,0.0200
345.00,0,Normal,14.61,30.166,0.00799,0.587,0.0200
346.00,0,Normal,15.61,25.581,0.00608,0.296,0.0160
347.00,0,Normal,16.61,28.728,0.00283,1.857,0.0160
348.00,0,Normal,17.61,27.223,0.01045,1.004,0.0160
349.00,0,Normal,18.61,28.976,0.00366,1.043,0.0160
350.00,0,Normal,19.61,27.780,0.00018,0.234,0.0160
351.00,0,Normal,20.61,28.563,0.00201,1.207,0.0360
352.00,0,Normal,21.61,30.276,0.00353,1.890,0.0360
353.00,0,Normal,22.61,27.736,0.00253,0.899,0.0360
354.00,0,Normal,23.61,26.589,0.00480,0.828,0.0360
355.00,0,Normal,24.61,26.884,0.00865,0.594,0.0360
356.00,0,Normal,25.61,27.738,0.00576,0.987,0.0160
357.00,0,Normal,26.61,32.881,0.00000,0.518,0.0160
358.00,0,Normal,27.61,30.508,0.00304,0.395,0.0160
359.00,0,Normal,28.61,28.274,0.00373,1.745,0.0160
360.00,0,Normal,29.61,27.680,0.00040,1.236,0.0160
361.00,0,Normal,30.61,27.771,0.00458,0.772,0.0320
362.00,0,Normal,31.61,29.301,0.01661,0.533,0.0320
363.00,0,Normal,32.61,28.504,0.00000,1.265,0.0320
364.00,0,Normal,33.61,26.777,0.00055,1.530,0.0320
365.00,0,Normal,34.61,29.652,0.00838,1.532,0.0320
366.00,0,Normal,35.61,28.823,0.00050,1.095,0.0600
367.00,0,Normal,36.61,29.416,0.00000,1.253,0.0600
368.00,0,Normal,37.61,25.292,0.00000,1.571,0.0600
369.00,0,Normal,38.61,29.262,0.01039,0.365,0.0600
370.00,0,Normal,39.61,28.816,0.00232,1.701,0.0600
371.00,0,Normal,40.61,26.276,0.01175,0.842,0.0160
372.00,0,Normal,41.61,29.601,0.01408,1.538,0.0160
373.00,0,Normal,42.61,25.345,0.00260,1.526,0.0160
374.00,0,Normal,43.61,27.518,0.00738,1.874,0.0160
375.00,0,Normal,44.61,27.445,0.00374,1.310,0.0160
376.00,0,Normal,45.61,30.317,0.00505,0.675,0.0200
377.00,0,Normal,46.61,30.542,0.00286,0.437,0.0200
378.00,0,Normal,47.61,25.663,0.00208,1.866,0.0200
379.00,0,Normal,48.61,28.358,0.00000,1.630,0.0200
380.00,0,Normal,49.61,32.134,0.00450,0.688,0.0200
381.00,0,Normal,50.61,26.233,0.00872,0.297,0.0320
382.00,0,Normal,51.61,29.020,0.01034,1.484,0.0320
383.00,0,Normal,52.61,26.642,0.00438,1.265,0.0320
384.00,0,Normal,53.61,28.564,0.00000,1.839,0.0320
385.00,0,Normal,54.61,29.651,0.01155,0.624,0.0320
386.00,0,Normal,55.61,28.908,0.00135,1.073,0.0480
387.00,0,Normal,56.61,28.233,0.01598,1.681,0.0480
388.00,0,Normal,57.61,26.093,0.00458,0.328,0.0480
389.00,0,Normal,58.61,30.036,0.00075,0.200,0.0480
390.00,0,Normal,59.61,29.973,0.00690,1.404,0.0480
391.00,0,Normal,60.61,29.288,0.00560,0.429,0.0480
392.00,0,Normal,61.61,27.885,0.00307,1.730,0.0480
393.00,0,Normal,62.61,26.563,0.00000,0.200,0.0480
394.00,0,Normal,63.61,29.204,0.00996,0.432,0.0480
395.00,0,Normal,64.61,26.229,0.00000,1.787,0.0480
396.00,0,Normal,65.61,26.086,0.00101,0.455,0.0520
397.00,0,Normal,66.61,27.835,0.00501,1.233,0.0520
398.00,0,Normal,67.61,29.354,0.00549,1.241,0.0520
399.00,0,Normal,68.61,24.792,0.01024,1.386,0.0520
400.00,0,Normal,69.61,25.237,0.00668,0.673,0.0520
401.00,0,Normal,70.61,29.150,0.00321,0.949,0.0680
402.00,0,Normal,71.61,27.732,0.00872,0.700,0.0680
403.00,0,Normal,72.61,27.526,0.00281,1.372,0.0680
404.00,0,Normal,73.61,28.146,0.00361,1.088,0.0680
405.00,0,Normal,74.61,27.467,0.00838,1.237,0.0680
406.00,0,Normal,75.61,27.809,0.00490,1.839,0.0600
407.00,0,Normal,76.61,27.271,0.00641,1.546,0.0600
408.00,0,Normal,77.61,25.708,0.00000,1.013,0.0600
409.00,0,Normal,78.61,26.049,0.00616,1.552,0.0600
410.00,0,Normal,79.61,30.218,0.00344,1.240,0.0600
411.00,0,Normal,80.61,28.773,0.00716,0.784,0.0640
412.00,1,Minor abnormal,0.48,17.101,0.01176,3.873,0.2320
413.00,1,Minor abnormal,1.48,19.329,0.02284,2.227,0.2320
414.00,1,Minor abnormal,2.48,23.182,0.01078,3.535,0.2320
415.00,1,Minor abnormal,3.48,17.983,0.01866,3.206,0.2320
416.00,1,Minor abnormal,4.48,22.674,0.03954,2.118,0.2320
417.00,1,Minor abnormal,5.48,17.464,0.04572,2.836,0.2680
418.00,1,Minor abnormal,6.48,23.987,0.01535,1.930,0.2680
419.00,1,Minor abnormal,7.48,19.477,0.03355,4.197,0.2680
420.00,1,Minor abnormal,8.48,15.485,0.00780,3.062,0.2680
421.00,1,Minor abnormal,9.48,20.953,0.02312,2.679,0.2680
422.00,1,Minor abnormal,10.48,19.313,0.03702,2.976,0.3040
423.00,1,Minor abnormal,11.48,22.316,0.03147,2.668,0.3040
424.00,1,Minor abnormal,12.48,24.577,0.02242,3.649,0.3040
425.00,1,Minor abnormal,13.48,18.158,0.02257,1.989,0.3040
426.00,1,Minor abnormal,14.48,16.529,0.03661,2.217,0.3040
427.00,1,Minor abnormal,15.48,20.858,0.03960,3.091,0.3080
428.00,1,Minor abnormal,16.48,16.135,0.02601,2.090,0.3080
429.00,1,Minor abnormal,17.48,17.968,0.01463,2.168,0.3080
430.00,1,Minor abnormal,18.48,17.238,0.02486,2.673,0.3080
431.00,1,Minor abnormal,19.48,14.491,0.03355,0.747,0.3080
432.00,1,Minor abnormal,20.48,15.041,0.02854,2.216,0.3120
433.00,1,Minor abnormal,21.48,21.794,0.02274,1.593,0.3120
434.00,1,Minor abnormal,22.48,17.650,0.02312,2.532,0.3120
435.00,1,Minor abnormal,23.48,19.416,0.02696,1.465,0.3120
436.00,1,Minor abnormal,24.48,22.942,0.03970,1.510,0.3120
437.00,1,Minor abnormal,25.48,17.962,0.02059,2.806,0.2680
438.00,1,Minor abnormal,26.48,18.396,0.00955,3.088,0.2680
439.00,1,Minor abnormal,27.48,22.306,0.01457,2.642,0.2680
440.00,1,Minor abnormal,28.48,20.051,0.03053,2.494,0.2680
441.00,1,Minor abnormal,29.48,19.988,0.05025,2.435,0.2680
442.00,1,Minor abnormal,30.48,17.904,0.03058,1.311,0.2840
443.00,1,Minor abnormal,31.48,20.041,0.00737,2.159,0.2840
444.00,1,Minor abnormal,32.48,18.807,0.03688,1.604,0.2840
445.00,1,Minor abnormal,33.48,22.515,0.02309,3.286,0.2840
446.00,1,Minor abnormal,34.48,20.092,0.00000,1.755,0.2840
447.00,1,Minor abnormal,35.48,19.625,0.03069,3.378,0.2800
448.00,1,Minor abnormal,36.48,22.920,0.02935,1.972,0.2800
449.00,1,Minor abnormal,37.48,23.251,0.02712,2.282,0.2800
450.00,1,Minor abnormal,38.48,19.812,0.01815,2.431,0.2800
451.00,1,Minor abnormal,39.48,22.942,0.01002,2.884,0.2800
452.00,1,Minor abnormal,0.99,13.341,0.01886,0.971,0.2320
453.00,1,Minor abnormal,1.99,19.179,0.02262,3.491,0.2320
454.00,1,Minor abnormal,2.99,17.895,0.04303,3.155,0.2320
455.00,1,Minor abnormal,3.99,22.056,0.01519,0.681,0.2320
456.00,1,Minor abnormal,4.99,21.419,0.04337,3.606,0.2320
457.00,1,Minor abnormal,0.09,17.492,0.01521,1.334,0.2320
458.00,1,Minor abnormal,1.09,15.045,0.02285,2.686,0.2320
459.00,1,Minor abnormal,2.09,17.367,0.01342,3.325,0.2320
460.00,1,Minor abnormal,3.09,26.025,0.02705,2.373,0.2320
461.00,1,Minor abnormal,4.09,23.533,0.01821,2.489,0.2320
462.00,1,Minor abnormal,5.09,16.580,0.02140,4.010,0.2680
463.00,1,Minor abnormal,6.09,25.313,0.02647,2.542,0.2680
464.00,1,Minor abnormal,7.09,18.584,0.00802,1.915,0.2680
465.00,1,Minor abnormal,8.09,16.770,0.03576,1.510,0.2680
466.00,1,Minor abnormal,9.09,20.420,0.03055,2.572,0.2680
467.00,1,Minor abnormal,10.09,20.806,0.03605,2.158,0.3040
468.00,1,Minor abnormal,11.09,23.836,0.01683,1.749,0.3040
469.00,1,Minor abnormal,0.62,21.516,0.03665,1.100,0.2320
470.00,1,Minor abnormal,1.62,18.793,0.03877,2.724,0.2320
471.00,1,Minor abnormal,2.62,24.142,0.02666,3.538,0.2320
472.00,1,Minor abnormal,3.62,19.063,0.00841,2.510,0.2320
473.00,1,Minor abnormal,4.62,20.786,0.03150,3.565,0.2320
474.00,1,Minor abnormal,5.62,20.561,0.03541,1.746,0.2680
475.00,1,Minor abnormal,6.62,18.011,0.02652,2.594,0.2680
476.00,1,Minor abnormal,7.62,17.265,0.02379,2.466,0.2680
477.00,1,Minor abnormal,8.62,18.395,0.01008,2.862,0.2680
478.00,1,Minor abnormal,9.62,21.142,0.01958,2.856,0.2680
479.00,1,Minor abnormal,10.62,13.224,0.02754,3.006,0.3040
480.00,1,Minor abnormal,11.62,23.029,0.00704,1.627,0.3040
481.00,1,Minor abnormal,12.62,17.799,0.03024,2.106,0.3040
482.00,1,Minor abnormal,13.62,23.948,0.01444,2.082,0.3040
483.00,1,Minor abnormal,14.62,20.996,0.00896,2.961,0.3040
484.00,1,Minor abnormal,15.62,18.001,0.03480,2.802,0.3080
485.00,1,Minor abnormal,16.62,19.373,0.03738,3.572,0.3080
486.00,1,Minor abnormal,17.62,24.203,0.03858,2.436,0.3080
487.00,1,Minor abnormal,18.62,18.062,0.01450,3.211,0.3080
488.00,1,Minor abnormal,19.62,18.355,0.02081,3.777,0.3080
489.00,1,Minor abnormal,20.62,13.824,0.02810,2.842,0.3120
490.00,1,Minor abnormal,21.62,20.983,0.03443,3.075,0.3120
491.00,1,Minor abnormal,22.62,21.892,0.03784,2.094,0.3120
492.00,1,Minor abnormal,23.62,19.028,0.04392,1.248,0.3120
493.00,1,Minor abnormal,24.62,22.506,0.01148,2.861,0.3120
494.00,1,Minor abnormal,25.62,18.559,0.00859,2.900,0.2680
495.00,1,Minor abnormal,26.62,21.847,0.02104,2.134,0.2680
496.00,1,Minor abnormal,27.62,19.924,0.01416,2.428,0.2680
497.00,1,Minor abnormal,0.34,16.950,0.02268,2.948,0.2320
498.00,1,Minor abnormal,1.34,22.857,0.01710,2.373,0.2320
499.00,1,Minor abnormal,2.34,25.144,0.02610,2.399,0.2320
500.00,1,Minor abnormal,3.34,20.661,0.01917,2.590,0.2320
501.00,1,Minor abnormal,4.34,18.401,0.02038,1.760,0.2320
502.00,1,Minor abnormal,5.34,22.865,0.04863,1.673,0.2680
503.00,1,Minor abnormal,6.34,23.142,0.03352,1.972,0.2680
504.00,1,Minor abnormal,7.34,21.921,0.03799,1.234,0.2680
505.00,1,Minor abnormal,8.34,17.812,0.01838,2.405,0.2680
506.00,1,Minor abnormal,9.34,17.570,0.01439,2.956,0.2680
507.00,1,Minor abnormal,10.34,17.587,0.00964,3.367,0.3040
508.00,1,Minor abnormal,11.34,17.205,0.03167,1.418,0.3040
509.00,1,Minor abnormal,12.34,11.843,0.03573,3.067,0.3040
510.00,1,Minor abnormal,13.34,19.809,0.01049,1.952,0.3040
511.00,1,Minor abnormal,14.34,21.824,0.03128,3.360,0.3040
512.00,1,Minor abnormal,15.34,24.820,0.02690,2.137,0.3080
513.00,1,Minor abnormal,16.34,16.274,0.02982,3.052,0.3080
514.00,1,Minor abnormal,17.34,22.635,0.04348,2.097,0.3080
515.00,1,Minor abnormal,18.34,23.213,0.04040,3.094,0.3080
516.00,1,Minor abnormal,0.96,15.170,0.02190,2.875,0.2320
517.00,1,Minor abnormal,1.96,21.039,0.02446,0.759,0.2320
518.00,1,Minor abnormal,2.96,14.554,0.04873,3.616,0.2320
519.00,1,Minor abnormal,3.96,20.488,0.01846,2.887,0.2320
520.00,1,Minor abnormal,4.96,22.777,0.03954,2.006,0.2320
521.00,1,Minor abnormal,5.96,22.038,0.04385,3.304,0.2680
522.00,1,Minor abnormal,6.96,18.897,0.02403,0.984,0.2680
523.00,1,Minor abnormal,7.96,24.041,0.02081,2.516,0.2680
524.00,1,Minor abnormal,8.96,18.913,0.03358,2.842,0.2680
525.00,1,Minor abnormal,9.96,21.358,0.02422,2.483,0.2680
526.00,1,Minor abnormal,10.96,26.569,0.03123,1.927,0.3040
527.00,1,Minor abnormal,11.96,20.132,0.03727,3.181,0.3040
528.00,1,Minor abnormal,12.96,20.820,0.04690,2.622,0.3040
529.00,1,Minor abnormal,13.96,22.360,0.01714,1.797,0.3040
530.00,1,Minor abnormal,14.96,19.989,0.02414,2.724,0.3040
531.00,1,Minor abnormal,15.96,19.105,0.02541,2.289,0.3080
532.00,1,Minor abnormal,16.96,15.835,0.02072,2.883,0.3080
533.00,1,Minor abnormal,17.96,20.924,0.03748,3.662,0.3080
534.00,1,Minor abnormal,18.96,17.886,0.03795,1.965,0.3080
535.00,1,Minor abnormal,19.96,17.557,0.00845,2.171,0.3080
536.00,1,Minor abnormal,20.96,23.674,0.02337,2.105,0.3120
537.00,1,Minor abnormal,0.10,19.203,0.02752,2.016,0.2320
538.00,1,Minor abnormal,1.10,20.417,0.01718,3.404,0.2320
539.00,1,Minor abnormal,2.10,23.873,0.02342,1.961,0.2320
540.00,1,Minor abnormal,3.10,21.654,0.02081,0.894,0.2320
541.00,1,Minor abnormal,4.10,21.494,0.01787,3.465,0.2320
542.00,1,Minor abnormal,5.10,20.143,0.03508,1.809,0.2680
543.00,1,Minor abnormal,6.10,17.655,0.02114,1.628,0.2680
544.00,2,Severe abnormal,0.03,15.019,0.16518,7.183,0.6880
545.00,2,Severe abnormal,1.03,8.635,0.11902,8.578,0.6880
546.00,2,Severe abnormal,2.03,7.384,0.11262,5.507,0.6880
547.00,2,Severe abnormal,3.03,5.405,0.04303,5.276,0.6880
548.00,2,Severe abnormal,4.03,13.357,0.15640,6.547,0.6880
549.00,2,Severe abnormal,5.03,12.813,0.09282,7.920,0.7080
550.00,2,Severe abnormal,6.03,11.844,0.03047,7.467,0.7080
551.00,2,Severe abnormal,7.03,5.005,0.15906,6.307,0.7080
552.00,2,Severe abnormal,8.03,15.604,0.04471,7.466,0.7080
553.00,2,Severe abnormal,9.03,9.899,0.12318,7.093,0.7080
554.00,2,Severe abnormal,10.03,11.535,0.05396,7.221,0.7160
555.00,2,Severe abnormal,11.03,13.461,0.11101,7.594,0.7160
556.00,2,Severe abnormal,12.03,5.985,0.17987,5.953,0.7160
557.00,2,Severe abnormal,13.03,13.175,0.09379,8.055,0.7160
558.00,2,Severe abnormal,14.03,14.277,0.03427,11.730,0.7160
559.00,2,Severe abnormal,15.03,14.935,0.06692,10.577,0.7120
560.00,2,Severe abnormal,16.03,9.649,0.10760,9.115,0.7120
561.00,2,Severe abnormal,17.03,6.237,0.15215,5.643,0.7120
562.00,2,Severe abnormal,18.03,10.387,0.15876,9.010,0.7120
563.00,2,Severe abnormal,19.03,15.365,0.18433,11.781,0.7120
564.00,2,Severe abnormal,20.03,7.423,0.11984,7.293,0.7320
565.00,2,Severe abnormal,21.03,12.009,0.11563,7.221,0.7320
566.00,2,Severe abnormal,22.03,10.621,0.11949,10.765,0.7320
567.00,2,Severe abnormal,23.03,10.314,0.12793,5.550,0.7320
568.00,2,Severe abnormal,24.03,13.227,0.09129,7.493,0.7320
569.00,2,Severe abnormal,25.03,7.349,0.09772,11.109,0.7200
570.00,2,Severe abnormal,26.03,10.143,0.08395,12.525,0.7200
571.00,2,Severe abnormal,27.03,16.877,0.12665,7.289,0.7200
572.00,2,Severe abnormal,28.03,11.570,0.12314,3.804,0.7200
573.00,2,Severe abnormal,29.03,8.965,0.07845,10.385,0.7200
574.00,2,Severe abnormal,30.03,12.839,0.13901,7.639,0.6960
575.00,2,Severe abnormal,31.03,14.278,0.00000,6.758,0.6960
576.00,2,Severe abnormal,32.03,10.255,0.01804,7.585,0.6960
577.00,2,Severe abnormal,33.03,12.466,0.09805,6.443,0.6960
578.00,2,Severe abnormal,34.03,13.142,0.21377,12.063,0.6960
579.00,2,Severe abnormal,35.03,13.258,0.10555,6.601,0.7320
580.00,2,Severe abnormal,36.03,14.571,0.12151,7.296,0.7320
581.00,2,Severe abnormal,37.03,16.854,0.01520,9.614,0.7320
582.00,2,Severe abnormal,38.03,12.046,0.12003,8.819,0.7320
583.00,2,Severe abnormal,39.03,13.045,0.10164,7.583,0.7320
584.00,2,Severe abnormal,40.03,9.507,0.20241,5.136,0.6800
585.00,2,Severe abnormal,41.03,5.592,0.08592,8.955,0.6800
586.00,2,Severe abnormal,42.03,9.012,0.11816,8.716,0.6800
587.00,2,Severe abnormal,43.03,10.779,0.07046,9.185,0.6800
588.00,2,Severe abnormal,44.03,11.150,0.17561,9.301,0.6800
589.00,2,Severe abnormal,45.03,9.788,0.03820,8.827,0.7160
590.00,2,Severe abnormal,46.03,13.114,0.18140,12.482,0.7160
591.00,2,Severe abnormal,47.03,4.898,0.14835,6.587,0.7160
592.00,2,Severe abnormal,48.03,6.536,0.10551,7.935,0.7160
593.00,2,Severe abnormal,49.03,7.820,0.13025,5.878,0.7160
594.00,2,Severe abnormal,50.03,10.460,0.19112,7.767,0.7080
595.00,2,Severe abnormal,51.03,16.436,0.06232,10.095,0.7080
596.00,2,Severe abnormal,52.03,10.161,0.14597,6.315,0.7080
597.00,2,Severe abnormal,0.18,5.487,0.08187,8.400,0.6880
598.00,2,Severe abnormal,1.18,16.053,0.15514,5.907,0.6880
599.00,2,Severe abnormal,2.18,8.674,0.10741,9.599,0.6880
600.00,2,Severe abnormal,3.18,7.289,0.16378,7.373,0.6880
601.00,2,Severe abnormal,4.18,11.897,0.10169,6.803,0.6880
602.00,2,Severe abnormal,5.18,9.016,0.10146,6.374,0.7080
603.00,2,Severe abnormal,6.18,8.008,0.03637,6.685,0.7080
604.00,2,Severe abnormal,7.18,13.211,0.15535,9.042,0.7080
605.00,2,Severe abnormal,8.18,9.214,0.11590,7.951,0.7080
606.00,2,Severe abnormal,9.18,11.866,0.14367,8.285,0.7080
607.00,2,Severe abnormal,10.18,11.492,0.09329,8.905,0.7160
608.00,2,Severe abnormal,11.18,9.733,0.14993,8.845,0.7160
609.00,2,Severe abnormal,12.18,11.244,0.12751,10.745,0.7160
610.00,2,Severe abnormal,13.18,10.315,0.11554,7.986,0.7160
611.00,2,Severe abnormal,14.18,14.473,0.12518,10.811,0.7160
612.00,2,Severe abnormal,15.18,14.246,0.08757,9.083,0.7120
613.00,2,Severe abnormal,16.18,15.547,0.11375,8.007,0.7120
614.00,2,Severe abnormal,17.18,11.706,0.14528,10.306,0.7120
615.00,2,Severe abnormal,18.18,6.228,0.11480,9.324,0.7120
616.00,2,Severe abnormal,19.18,11.244,0.14072,6.215,0.7120
617.00,2,Severe abnormal,20.18,2.857,0.17533,5.483,0.7320
618.00,2,Severe abnormal,21.18,7.841,0.11049,6.592,0.7320
619.00,2,Severe abnormal,22.18,7.976,0.09014,5.093,0.7320
620.00,2,Severe abnormal,23.18,13.154,0.15133,9.403,0.7320
621.00,2,Severe abnormal,24.18,12.402,0.17753,8.488,0.7320
622.00,2,Severe abnormal,25.18,6.705,0.09647,5.192,0.7200
623.00,2,Severe abnormal,26.18,9.786,0.03570,8.334,0.7200
624.00,2,Severe abnormal,27.18,17.687,0.16763,5.832,0.7200
625.00,2,Severe abnormal,28.18,13.071,0.21633,7.003,0.7200
626.00,2,Severe abnormal,29.18,5.304,0.07690,7.876,0.7200
627.00,2,Severe abnormal,30.18,10.906,0.04444,6.801,0.6960
628.00,2,Severe abnormal,31.18,15.859,0.13050,9.503,0.6960
629.00,2,Severe abnormal,32.18,6.515,0.14122,10.771,0.6960
630.00,2,Severe abnormal,33.18,8.488,0.15461,7.801,0.6960
631.00,2,Severe abnormal,34.18,15.353,0.04480,10.627,0.6960
632.00,2,Severe abnormal,35.18,9.621,0.12902,7.059,0.7320
633.00,2,Severe abnormal,36.18,8.461,0.12317,5.680,0.7320
634.00,2,Severe abnormal,37.18,12.874,0.11775,9.236,0.7320
635.00,2,Severe abnormal,38.18,9.569,0.11154,6.809,0.7320
636.00,2,Severe abnormal,39.18,8.858,0.00000,10.370,0.7320
637.00,2,Severe abnormal,40.18,6.062,0.11472,12.479,0.6800
638.00,2,Severe abnormal,41.18,7.513,0.13126,4.780,0.6800
639.00,2,Severe abnormal,42.18,9.642,0.06928,8.977,0.6800
640.00,2,Severe abnormal,43.18,8.016,0.09465,8.339,0.6800
641.00,2,Severe abnormal,44.18,6.439,0.09644,9.094,0.6800
642.00,2,Severe abnormal,45.18,6.603,0.09718,8.413,0.7160
643.00,2,Severe abnormal,46.18,10.231,0.01960,9.801,0.7160
644.00,2,Severe abnormal,47.18,6.974,0.09155,7.560,0.7160
645.00,2,Severe abnormal,0.15,2.941,0.05601,6.445,0.6880
646.00,2,Severe abnormal,1.15,8.910,0.08584,6.706,0.6880
647.00,2,Severe abnormal,2.15,14.774,0.18342,7.195,0.6880
648.00,2,Severe abnormal,3.15,11.623,0.17796,9.885,0.6880
649.00,2,Severe abnormal,4.15,15.642,0.11126,11.146,0.6880
650.00,2,Severe abnormal,5.15,15.465,0.12102,4.312,0.7080
651.00,2,Severe abnormal,6.15,13.681,0.17249,4.134,0.7080
652.00,2,Severe abnormal,0.78,10.317,0.07327,7.760,0.6880
653.00,2,Severe abnormal,1.78,8.651,0.10349,6.835,0.6880
654.00,2,Severe abnormal,2.78,13.661,0.11342,8.869,0.6880
655.00,2,Severe abnormal,3.78,9.965,0.19439,4.360,0.6880
656.00,2,Severe abnormal,4.78,9.780,0.18690,8.042,0.6880
657.00,2,Severe abnormal,5.78,12.876,0.22962,7.903,0.7080
658.00,2,Severe abnormal,6.78,18.605,0.15862,6.645,0.7080
659.00,2,Severe abnormal,7.78,9.607,0.11947,7.825,0.7080
660.00,2,Severe abnormal,8.78,19.980,0.12752,8.604,0.7080
661.00,2,Severe abnormal,9.78,3.598,0.07818,12.113,0.7080
662.00,2,Severe abnormal,10.78,16.192,0.07255,11.193,0.7160
663.00,2,Severe abnormal,11.78,9.511,0.12743,7.452,0.7160
664.00,2,Severe abnormal,12.78,11.616,0.03728,13.209,0.7160
665.00,2,Severe abnormal,13.78,15.448,0.10429,11.113,0.7160
666.00,2,Severe abnormal,14.78,10.186,0.09041,3.435,0.7160
667.00,2,Severe abnormal,15.78,0.393,0.12583,6.643,0.7120
668.00,2,Severe abnormal,16.78,11.620,0.11960,8.864,0.7120
669.00,2,Severe abnormal,17.78,11.233,0.11203,8.259,0.7120
670.00,2,Severe abnormal,18.78,17.003,0.03451,8.395,0.7120
671.00,2,Severe abnormal,19.78,13.732,0.13963,5.958,0.7120
672.00,2,Severe abnormal,20.78,13.834,0.15327,8.544,0.7320
673.00,2,Severe abnormal,21.78,5.125,0.04361,12.022,0.7320
674.00,2,Severe abnormal,22.78,10.881,0.25598,10.887,0.7320
675.00,2,Severe abnormal,23.78,9.267,0.16896,6.170,0.7320
676.00,2,Severe abnormal,24.78,3.659,0.13225,8.228,0.7320
677.00,2,Severe abnormal,25.78,11.276,0.12956,9.887,0.7200
678.00,2,Severe abnormal,26.78,12.880,0.10380,8.687,0.7200
679.00,2,Severe abnormal,27.78,9.328,0.13235,8.982,0.7200
680.00,2,Severe abnormal,28.78,8.095,0.15291,7.679,0.7200
681.00,2,Severe abnormal,29.78,14.285,0.13491,9.676,0.7200
682.00,2,Severe abnormal,30.78,13.533,0.09102,8.819,0.6960
683.00,2,Severe abnormal,31.78,12.713,0.07430,8.003,0.6960
684.00,2,Severe abnormal,32.78,7.662,0.13536,7.417,0.6960
685.00,2,Severe abnormal,33.78,9.524,0.12738,8.200,0.6960
686.00,2,Severe abnormal,34.78,17.266,0.12830,9.641,0.6960
687.00,2,Severe abnormal,35.78,19.486,0.17508,5.481,0.7320
688.00,2,Severe abnormal,36.78,8.921,0.09868,5.799,0.7320
689.00,2,Severe abnormal,37.78,13.019,0.06060,5.768,0.7320
690.00,2,Severe abnormal,38.78,13.320,0.04194,9.625,0.7320
691.00,2,Severe abnormal,39.78,9.807,0.09882,9.811,0.7320
692.00,2,Severe abnormal,40.78,9.811,0.19537,6.654,0.6800
693.00,2,Severe abnormal,41.78,9.643,0.12803,8.729,0.6800
694.00,2,Severe abnormal,42.78,11.025,0.11273,7.233,0.6800
695.00,2,Severe abnormal,43.78,8.614,0.11452,11.289,0.6800
696.00,2,Severe abnormal,44.78,12.178,0.01434,8.751,0.6800
697.00,2,Severe abnormal,45.78,6.360,0.11641,6.569,0.7160
698.00,2,Severe abnormal,46.78,12.922,0.08956,7.962,0.7160
699.00,2,Severe abnormal,47.78,15.534,0.17359,4.046,0.7160
700.00,2,Severe abnormal,48.78,14.988,0.17210,5.393,0.7160
701.00,2,Severe abnormal,49.78,14.944,0.11518,7.276,0.7160
702.00,2,Severe abnormal,50.78,16.814,0.17208,8.452,0.7080
703.00,2,Severe abnormal,51.78,10.366,0.11478,9.117,0.7080
704.00,1,Minor abnormal,0.97,24.767,0.02599,2.466,0.2320
705.00,1,Minor abnormal,1.97,21.292,0.01637,2.312,0.2320
706.00,1,Minor abnormal,2.97,18.623,0.02523,3.695,0.2320
707.00,1,Minor abnormal,3.97,15.198,0.01143,3.482,0.2320
708.00,1,Minor abnormal,4.97,21.907,0.03217,3.177,0.2320
709.00,1,Minor abnormal,5.97,12.792,0.01485,2.612,0.2680
710.00,1,Minor abnormal,6.97,19.698,0.03419,1.069,0.2680
711.00,1,Minor abnormal,7.97,14.593,0.02845,1.008,0.2680
712.00,1,Minor abnormal,8.97,18.259,0.03616,2.656,0.2680
713.00,1,Minor abnormal,9.97,22.436,0.02220,2.929,0.2680
714.00,1,Minor abnormal,10.97,24.673,0.00718,1.796,0.3040
715.00,1,Minor abnormal,11.97,21.835,0.00500,2.804,0.3040
716.00,1,Minor abnormal,12.97,25.848,0.04209,2.469,0.3040
717.00,1,Minor abnormal,13.97,18.335,0.01275,2.771,0.3040
718.00,1,Minor abnormal,14.97,18.021,0.00657,1.682,0.3040
719.00,1,Minor abnormal,15.97,22.348,0.01971,2.132,0.3080
720.00,1,Minor abnormal,16.97,16.590,0.02651,2.258,0.3080
721.00,1,Minor abnormal,17.97,19.041,0.02373,1.724,0.3080
722.00,1,Minor abnormal,18.97,15.961,0.01265,2.758,0.3080
723.00,0,Normal,0.38,27.035,0.00769,1.187,0.0040
724.00,0,Normal,1.38,29.798,0.00993,1.168,0.0040
725.00,0,Normal,2.38,26.506,0.00184,0.954,0.0040
726.00,0,Normal,3.38,27.849,0.01052,1.138,0.0040
727.00,0,Normal,4.38,28.332,0.00000,0.875,0.0040
728.00,0,Normal,5.38,26.027,0.00759,0.384,0.0120
729.00,0,Normal,6.38,27.936,0.00213,0.375,0.0120
730.00,0,Normal,7.38,28.502,0.00268,1.159,0.0120
731.00,0,Normal,8.38,29.144,0.00913,1.910,0.0120
732.00,0,Normal,9.38,27.693,0.00268,1.230,0.0120
733.00,0,Normal,10.38,27.711,0.00400,0.200,0.0200
734.00,0,Normal,11.38,29.908,0.00070,0.284,0.0200
735.00,0,Normal,12.38,27.353,0.00705,0.770,0.0200
736.00,0,Normal,13.38,31.448,0.00555,1.481,0.0200
737.00,0,Normal,14.38,28.447,0.00763,1.978,0.0200
738.00,0,Normal,15.38,26.056,0.00638,0.470,0.0160
739.00,0,Normal,16.38,29.816,0.00412,0.652,0.0160
740.00,0,Normal,17.38,24.229,0.00497,0.814,0.0160
741.00,0,Normal,18.38,27.403,0.00233,1.115,0.0160
742.00,0,Normal,19.38,27.338,0.00349,1.130,0.0160
743.00,0,Normal,20.38,25.640,0.00330,0.813,0.0360
744.00,0,Normal,21.38,24.494,0.00738,1.079,0.0360
745.00,0,Normal,22.38,26.751,0.00794,0.806,0.0360
746.00,0,Normal,23.38,28.572,0.00001,0.994,0.0360
747.00,0,Normal,24.38,28.004,0.00742,0.974,0.0360
748.00,0,Normal,25.38,27.858,0.00000,0.796,0.0160
749.00,0,Normal,26.38,26.756,0.00203,0.941,0.0160
750.00,0,Normal,27.38,26.849,0.00310,0.854,0.0160
751.00,0,Normal,28.38,27.820,0.00989,0.992,0.0160
752.00,0,Normal,29.38,27.980,0.00005,0.696,0.0160
753.00,0,Normal,30.38,29.301,0.00079,1.542,0.0320
754.00,0,Normal,31.38,28.127,0.00670,1.505,0.0320
755.00,0,Normal,32.38,26.666,0.00110,1.584,0.0320
756.00,0,Normal,33.38,29.505,0.00796,1.279,0.0320
757.00,0,Normal,34.38,27.831,0.00746,0.512,0.0320
758.00,0,Normal,35.38,26.079,0.00000,2.245,0.0600
759.00,0,Normal,36.38,28.273,0.01398,0.276,0.0600
760.00,0,Normal,37.38,30.138,0.00420,0.631,0.0600
761.00,0,Normal,38.38,29.288,0.00400,0.966,0.0600
762.00,0,Normal,39.38,26.024,0.01243,1.047,0.0600
763.00,0,Normal,40.38,26.767,0.00984,0.852,0.0160
764.00,0,Normal,41.38,26.427,0.00547,0.754,0.0160
765.00,0,Normal,42.38,26.023,0.00243,0.686,0.0160
766.00,0,Normal,43.38,26.535,0.00261,0.851,0.0160
767.00,0,Normal,44.38,28.352,0.00000,1.496,0.0160
768.00,0,Normal,45.38,28.294,0.01170,0.763,0.0200
769.00,0,Normal,46.38,25.816,0.00773,0.273,0.0200
770.00,0,Normal,47.38,28.171,0.00745,2.072,0.0200
771.00,0,Normal,48.38,28.445,0.00633,1.421,0.0200
772.00,0,Normal,49.38,28.842,0.00732,0.675,0.0200
773.00,0,Normal,50.38,28.222,0.00027,1.520,0.0320
774.00,0,Normal,51.38,28.561,0.01038,0.200,0.0320
775.00,0,Normal,52.38,30.328,0.00284,0.987,0.0320
776.00,0,Normal,53.38,28.748,0.01197,1.406,0.0320
777.00,0,Normal,54.38,29.204,0.00357,1.574,0.0320
778.00,0,Normal,55.38,26.399,0.01488,0.489,0.0480
779.00,0,Normal,56.38,29.612,0.00677,1.223,0.0480
780.00,0,Normal,57.38,26.021,0.00716,0.439,0.0480
781.00,0,Normal,58.38,25.664,0.01189,0.200,0.0480
782.00,0,Normal,59.38,29.775,0.01055,0.200,0.0480
783.00,0,Normal,60.38,27.645,0.00304,1.623,0.0480
784.00,0,Normal,61.38,28.033,0.00275,1.011,0.0480
785.00,0,Normal,62.38,26.468,0.00749,0.879,0.0480
786.00,0,Normal,63.38,28.086,0.00519,1.349,0.0480
787.00,0,Normal,64.38,28.497,0.01389,1.344,0.0480
788.00,0,Normal,65.38,26.390,0.00393,1.357,0.0520
789.00,0,Normal,66.38,27.821,0.00244,0.827,0.0520
790.00,0,Normal,67.38,24.125,0.00000,1.280,0.0520
791.00,0,Normal,68.38,22.973,0.00510,0.614,0.0520
792.00,0,Normal,69.38,30.292,0.00260,1.368,0.0520
793.00,0,Normal,70.38,26.875,0.00000,1.388,0.0680
794.00,0,Normal,71.38,28.199,0.00586,1.366,0.0680
795.00,0,Normal,72.38,27.919,0.00387,1.288,0.0680
796.00,0,Normal,73.38,27.780,0.00402,0.965,0.0680
797.00,0,Normal,74.38,27.599,0.00528,1.742,0.0680
798.00,0,Normal,75.38,26.083,0.00628,1.194,0.0600
799.00,0,Normal,76.38,28.733,0.00307,0.507,0.0600
800.00,0,Normal,77.38,28.344,0.01183,0.528,0.0600
801.00,0,Normal,78.38,27.620,0.00540,1.783,0.0600
802.00,0,Normal,79.38,28.332,0.00441,0.992,0.0600
803.00,0,Normal,80.38,28.187,0.00891,1.258,0.0640
804.00,0,Normal,81.38,28.790,0.00078,1.530,0.0640
805.00,0,Normal,82.38,25.505,0.00050,0.773,0.0640
806.00,0,Normal,83.38,26.257,0.00000,1.516,0.0640
807.00,0,Normal,84.38,28.222,0.00000,0.200,0.0640
808.00,0,Normal,85.38,23.924,0.00992,1.313,0.0680
809.00,0,Normal,86.38,29.188,0.00505,1.180,0.0680
810.00,0,Normal,87.38,30.174,0.00155,0.452,0.0680
811.00,0,Normal,88.38,27.093,0.00806,0.793,0.0680
812.00,0,Normal,89.38,26.198,0.00759,1.030,0.0680
813.00,0,Normal,90.38,27.043,0.00124,0.770,0.0640
814.00,0,Normal,91.38,29.974,0.00848,1.260,0.0640
815.00,0,Normal,92.38,27.916,0.01049,1.598,0.0640
816.00,0,Normal,0.41,25.763,0.00000,0.993,0.0040
817.00,0,Normal,1.41,29.216,0.00758,0.735,0.0040
818.00,0,Normal,2.41,26.685,0.00296,1.747,0.0040
819.00,0,Normal,3.41,25.411,0.00000,1.326,0.0040
820.00,0,Normal,4.41,25.985,0.00000,0.819,0.0040
821.00,0,Normal,5.41,27.203,0.00120,0.802,0.0120
822.00,0,Normal,6.41,29.156,0.00499,0.749,0.0120
823.00,0,Normal,7.41,25.836,0.00470,0.200,0.0120
824.00,0,Normal,8.41,28.912,0.00017,1.057,0.0120
825.00,0,Normal,9.41,28.886,0.00840,0.328,0.0120
826.00,0,Normal,10.41,31.089,0.00884,1.663,0.0200
827.00,0,Normal,11.41,30.783,0.00248,1.599,0.0200
828.00,0,Normal,12.41,27.798,0.00690,1.716,0.0200
829.00,0,Normal,13.41,29.276,0.00659,1.465,0.0200
830.00,0,Normal,14.41,29.441,0.00782,1.021,0.0200
831.00,0,Normal,15.41,29.390,0.00583,1.749,0.0160
832.00,0,Normal,16.41,29.817,0.00241,1.361,0.0160
833.00,0,Normal,17.41,27.449,0.00197,1.662,0.0160
834.00,0,Normal,18.41,25.470,0.00000,1.011,0.0160
835.00,0,Normal,19.41,27.153,0.00499,1.088,0.0160
836.00,0,Normal,20.41,27.584,0.00397,0.266,0.0360
837.00,0,Normal,21.41,28.309,0.00948,1.462,0.0360
838.00,0,Normal,22.41,28.690,0.00000,0.814,0.0360
839.00,0,Normal,23.41,31.420,0.00703,1.073,0.0360
840.00,0,Normal,24.41,27.208,0.00048,0.507,0.0360
841.00,0,Normal,25.41,25.832,0.00273,0.722,0.0160
842.00,0,Normal,26.41,28.873,0.01494,0.875,0.0160
843.00,0,Normal,27.41,28.162,0.00558,1.340,0.0160
844.00,0,Normal,28.41,31.126,0.01530,1.832,0.0160
845.00,0,Normal,29.41,29.039,0.00577,0.681,0.0160
846.00,0,Normal,30.41,29.412,0.00430,0.598,0.0320
847.00,0,Normal,31.41,26.798,0.00755,2.133,0.0320
848.00,0,Normal,32.41,28.590,0.00754,1.386,0.0320
849.00,0,Normal,33.41,29.840,0.00124,1.509,0.0320
850.00,0,Normal,34.41,25.639,0.01330,1.134,0.0320
851.00,0,Normal,35.41,27.693,0.01079,1.159,0.0600
852.00,0,Normal,36.41,26.926,0.00266,1.070,0.0600
853.00,0,Normal,37.41,24.260,0.00429,1.363,0.0600
854.00,0,Normal,38.41,28.754,0.00710,1.721,0.0600
855.00,0,Normal,39.41,26.509,0.00361,0.778,0.0600
856.00,0,Normal,40.41,28.086,0.00649,0.876,0.0160
857.00,0,Normal,41.41,29.000,0.01129,0.738,0.0160
858.00,0,Normal,42.41,28.468,0.00470,0.697,0.0160
859.00,0,Normal,43.41,27.696,0.00563,1.058,0.0160
860.00,0,Normal,44.41,23.774,0.01117,0.855,0.0160
861.00,0,Normal,45.41,25.259,0.00570,1.551,0.0200
862.00,0,Normal,46.41,27.940,0.01447,1.599,0.0200
863.00,0,Normal,47.41,27.777,0.00297,1.661,0.0200
864.00,0,Normal,48.41,26.298,0.00628,0.752,0.0200
865.00,0,Normal,49.41,28.494,0.01054,1.867,0.0200
866.00,0,Normal,50.41,28.520,0.00000,1.649,0.0320
867.00,0,Normal,51.41,25.576,0.00310,0.214,0.0320
868.00,0,Normal,52.41,27.884,0.00000,0.694,0.0320
869.00,0,Normal,53.41,29.704,0.00169,1.030,0.0320
870.00,0,Normal,54.41,28.700,0.00786,0.437,0.0320
871.00,0,Normal,55.41,24.664,0.00000,1.852,0.0480
872.00,0,Normal,56.41,24.904,0.00000,0.233,0.0480
873.00,0,Normal,57.41,27.367,0.00784,1.469,0.0480
874.00,0,Normal,58.41,26.157,0.00000,1.928,0.0480
875.00,0,Normal,59.41,28.240,0.00250,0.200,0.0480
876.00,0,Normal,60.41,31.967,0.00788,0.582,0.0480
877.00,0,Normal,61.41,27.894,0.00000,0.285,0.0480
878.00,0,Normal,62.41,29.944,0.00000,0.831,0.0480
879.00,0,Normal,63.41,25.124,0.00448,0.956,0.0480
880.00,0,Normal,64.41,26.642,0.00116,1.715,0.0480
881.00,0,Normal,65.41,27.878,0.00889,0.803,0.0520
882.00,0,Normal,66.41,26.485,0.00980,0.723,0.0520
883.00,0,Normal,67.41,27.339,0.00584,1.344,0.0520
884.00,0,Normal,68.41,28.121,0.00978,0.614,0.0520
885.00,0,Normal,69.41,32.113,0.00071,0.689,0.0520
886.00,0,Normal,70.41,28.099,0.00946,0.984,0.0680
887.00,0,Normal,71.41,27.449,0.00000,0.560,0.0680
888.00,0,Normal,72.41,29.850,0.00000,1.676,0.0680
889.00,0,Normal,73.41,28.588,0.00267,1.757,0.0680
890.00,0,Normal,74.41,27.013,0.00605,1.646,0.0680
891.00,0,Normal,75.41,25.442,0.00213,1.581,0.0600
892.00,0,Normal,76.41,30.820,0.01142,0.419,0.0600
893.00,0,Normal,77.41,25.419,0.00825,1.087,0.0600
894.00,0,Normal,78.41,29.602,0.00476,0.651,0.0600
895.00,0,Normal,79.41,29.426,0.00573,0.699,0.0600
896.00,0,Normal,80.41,30.087,0.00916,1.397,0.0640
897.00,0,Normal,81.41,29.097,0.01426,0.614,0.0640
898.00,0,Normal,82.41,27.326,0.00594,1.684,0.0640
899.00,0,Normal,83.41,33.416,0.00465,0.319,0.0640
900.00,0,Normal,84.41,26.602,0.00270,0.455,0.0640
901.00,0,Normal,85.41,26.653,0.00000,0.517,0.0680
902.00,0,Normal,86.41,26.008,0.00137,0.845,0.0680
903.00,0,Normal,87.41,29.040,0.00000,0.430,0.0680
904.00,0,Normal,88.41,28.761,0.00535,1.191,0.0680
905.00,0,Normal,89.41,26.747,0.00775,1.173,0.0680
906.00,1,Minor abnormal,0.90,22.186,0.03607,2.501,0.2320
907.00,1,Minor abnormal,1.90,22.596,0.01269,2.423,0.2320
908.00,1,Minor abnormal,2.90,21.156,0.02462,2.385,0.2320
909.00,1,Minor abnormal,3.90,22.648,0.04542,2.016,0.2320
910.00,1,Minor abnormal,4.90,20.815,0.00466,2.084,0.2320
911.00,1,Minor abnormal,5.90,20.283,0.02245,1.757,0.2680
912.00,1,Minor abnormal,6.90,19.561,0.02120,1.677,0.2680
913.00,1,Minor abnormal,7.90,20.697,0.01520,1.947,0.2680
914.00,1,Minor abnormal,8.90,17.892,0.01904,3.285,0.2680
915.00,1,Minor abnormal,9.90,19.762,0.04060,4.407,0.2680
916.00,1,Minor abnormal,10.90,20.506,0.02538,1.568,0.3040
917.00,1,Minor abnormal,11.90,21.222,0.01069,3.072,0.3040
918.00,1,Minor abnormal,12.90,20.352,0.02421,2.147,0.3040
919.00,1,Minor abnormal,13.90,18.460,0.01666,3.430,0.3040
920.00,1,Minor abnormal,14.90,19.125,0.02569,3.682,0.3040
921.00,1,Minor abnormal,15.90,21.023,0.02052,2.443,0.3080
922.00,1,Minor abnormal,16.90,20.530,0.02068,2.984,0.3080
923.00,1,Minor abnormal,17.90,20.777,0.01314,2.657,0.3080
924.00,1,Minor abnormal,18.90,17.615,0.01229,2.572,0.3080
925.00,1,Minor abnormal,19.90,21.368,0.02851,1.728,0.3080
926.00,1,Minor abnormal,20.90,19.191,0.01647,4.051,0.3120
927.00,1,Minor abnormal,21.90,20.111,0.01738,1.396,0.3120
928.00,2,Severe abnormal,0.98,11.673,0.12382,8.846,0.6880
929.00,2,Severe abnormal,1.98,11.809,0.14470,6.550,0.6880
930.00,2,Severe abnormal,2.98,10.667,0.13928,8.292,0.6880
931.00,2,Severe abnormal,3.98,12.681,0.04576,9.330,0.6880
932.00,2,Severe abnormal,4.98,7.914,0.17653,8.813,0.6880
933.00,2,Severe abnormal,5.98,13.224,0.10276,7.933,0.7080
934.00,2,Severe abnormal,6.98,16.773,0.13110,10.962,0.7080
935.00,2,Severe abnormal,7.98,10.884,0.17496,8.399,0.7080
936.00,2,Severe abnormal,8.98,18.825,0.09657,7.073,0.7080
937.00,3,Fault/repair,0.39,0.265,0.53654,30.374,1.0000
938.00,3,Fault/repair,1.39,2.998,0.43134,29.765,1.0000
939.00,3,Fault/repair,2.39,1.440,0.80539,32.601,1.0000
940.00,3,Fault/repair,3.39,2.517,0.50854,33.873,1.0000
941.00,3,Fault/repair,4.39,-0.172,0.62832,29.019,1.0000
942.00,3,Fault/repair,5.39,4.299,0.58132,35.301,1.0000
943.00,3,Fault/repair,6.39,2.424,1.00000,24.807,1.0000
944.00,3,Fault/repair,7.39,3.904,0.37019,37.613,1.0000
945.00,3,Fault/repair,8.39,3.894,0.60929,37.776,1.0000
946.00,3,Fault/repair,9.39,3.618,0.50323,18.581,1.0000
947.00,3,Fault/repair,10.39,0.341,0.31271,33.539,1.0000
948.00,3,Fault/repair,11.39,1.489,0.80072,38.126,1.0000
949.00,3,Fault/repair,12.39,0.506,0.81089,23.808,1.0000
950.00,3,Fault/repair,13.39,3.812,0.94186,32.636,1.0000
951.00,3,Fault/repair,14.39,1.735,0.67040,22.773,1.0000
952.00,0,Normal,0.41,32.974,0.00750,0.849,0.0040
953.00,0,Normal,1.41,27.033,0.00195,0.676,0.0040
954.00,0,Normal,2.41,26.912,0.00477,0.709,0.0040
955.00,0,Normal,3.41,28.480,0.00378,1.559,0.0040
956.00,0,Normal,4.41,22.817,0.00574,0.406,0.0040
957.00,0,Normal,5.41,28.759,0.00000,0.418,0.0120
958.00,0,Normal,6.41,28.454,0.01103,0.722,0.0120
959.00,0,Normal,7.41,30.266,0.00000,0.798,0.0120
960.00,0,Normal,8.41,26.073,0.00247,0.681,0.0120
961.00,0,Normal,9.41,29.239,0.00737,2.670,0.0120
962.00,0,Normal,10.41,26.212,0.00843,1.119,0.0200
963.00,0,Normal,11.41,27.746,0.00237,1.308,0.0200
964.00,0,Normal,12.41,28.435,0.00726,0.923,0.0200
965.00,0,Normal,13.41,29.273,0.00344,1.060,0.0200
966.00,0,Normal,14.41,27.286,0.01459,0.739,0.0200
967.00,0,Normal,15.41,26.169,0.00484,1.463,0.0160
968.00,0,Normal,16.41,27.951,0.00325,1.726,0.0160
969.00,0,Normal,17.41,28.202,0.00000,0.689,0.0160
970.00,0,Normal,18.41,30.388,0.00686,1.514,0.0160
971.00,0,Normal,19.41,29.081,0.00005,1.039,0.0160
972.00,0,Normal,20.41,25.270,0.00310,0.988,0.0360
973.00,0,Normal,21.41,26.395,0.00000,1.779,0.0360
974.00,0,Normal,22.41,32.341,0.00859,0.200,0.0360
975.00,0,Normal,23.41,26.999,0.00637,1.192,0.0360
976.00,0,Normal,24.41,29.190,0.00857,1.438,0.0360
977.00,0,Normal,25.41,25.800,0.00089,1.356,0.0160
978.00,0,Normal,26.41,26.294,0.01409,1.250,0.0160
979.00,0,Normal,27.41,29.188,0.00943,0.742,0.0160
980.00,0,Normal,28.41,26.849,0.01012,0.293,0.0160
981.00,0,Normal,29.41,30.358,0.00168,1.057,0.0160
982.00,0,Normal,30.41,26.016,0.00000,0.200,0.0320
983.00,0,Normal,31.41,27.518,0.00049,0.324,0.0320
984.00,0,Normal,32.41,26.406,0.00425,1.858,0.0320
985.00,0,Normal,33.41,28.722,0.00552,1.003,0.0320
986.00,0,Normal,34.41,27.003,0.00058,0.776,0.0320
987.00,0,Normal,35.41,26.501,0.00276,1.098,0.0600
988.00,0,Normal,36.41,30.230,0.00161,0.687,0.0600
989.00,0,Normal,37.41,28.984,0.01199,0.950,0.0600
990.00,0,Normal,38.41,31.444,0.00059,1.105,0.0600
991.00,0,Normal,39.41,30.031,0.00394,0.200,0.0600
992.00,0,Normal,40.41,25.962,0.00000,0.488,0.0160
993.00,0,Normal,41.41,28.920,0.00410,1.373,0.0160
994.00,0,Normal,42.41,28.486,0.00702,0.982,0.0160
995.00,0,Normal,43.41,24.393,0.00000,0.508,0.0160
996.00,0,Normal,44.41,29.957,0.00000,0.439,0.0160
997.00,0,Normal,45.41,27.357,0.00435,0.297,0.0200
998.00,0,Normal,46.41,27.268,0.00557,0.569,0.0200
999.00,0,Normal,47.41,24.080,0.00882,0.424,0.0200
1000.00,0,Normal,0.03,27.113,0.00567,1.297,0.0040
1001.00,0,Normal,1.03,28.796,0.00862,1.284,0.0040
1002.00,0,Normal,2.03,28.546,0.01006,1.623,0.0040
1003.00,0,Normal,3.03,27.362,0.00042,1.139,0.0040
1004.00,0,Normal,4.03,27.673,0.00548,0.200,0.0040
1005.00,0,Normal,5.03,26.961,0.00000,0.430,0.0120
1006.00,0,Normal,6.03,26.477,0.00000,1.083,0.0120
1007.00,0,Normal,7.03,29.244,0.00320,0.981,0.0120
1008.00,0,Normal,8.03,28.881,0.00778,1.449,0.0120
1009.00,0,Normal,9.03,26.952,0.00377,0.200,0.0120
1010.00,0,Normal,10.03,26.126,0.00341,0.717,0.0200
1011.00,0,Normal,11.03,27.382,0.00000,1.405,0.0200
1012.00,0,Normal,12.03,32.116,0.00000,2.168,0.0200
1013.00,0,Normal,13.03,25.881,0.00330,1.190,0.0200
1014.00,0,Normal,14.03,29.473,0.00449,1.612,0.0200
1015.00,0,Normal,15.03,27.214,0.01456,0.863,0.0160
1016.00,0,Normal,16.03,27.545,0.00000,1.012,0.0160
1017.00,0,Normal,17.03,29.001,0.00755,1.322,0.0160
1018.00,0,Normal,18.03,26.835,0.00532,0.693,0.0160
1019.00,0,Normal,19.03,28.961,0.01177,1.282,0.0160
1020.00,0,Normal,20.03,27.464,0.01014,1.170,0.0360
1021.00,0,Normal,21.03,28.326,0.00780,1.578,0.0360
1022.00,0,Normal,22.03,26.462,0.00195,1.440,0.0360
1023.00,0,Normal,23.03,24.126,0.00884,0.723,0.0360
1024.00,0,Normal,24.03,26.669,0.00776,0.976,0.0360
1025.00,0,Normal,25.03,31.021,0.01296,1.368,0.0160
1026.00,0,Normal,26.03,29.355,0.01562,1.421,0.0160
1027.00,0,Normal,27.03,26.810,0.00589,1.077,0.0160
1028.00,0,Normal,28.03,27.643,0.00903,0.200,0.0160
1029.00,0,Normal,29.03,28.312,0.00455,0.764,0.0160
1030.00,0,Normal,30.03,29.597,0.00592,1.641,0.0320
1031.00,0,Normal,31.03,28.078,0.01541,0.553,0.0320
1032.00,0,Normal,32.03,27.736,0.00263,1.252,0.0320
1033.00,0,Normal,33.03,26.131,0.00355,1.509,0.0320
1034.00,0,Normal,34.03,25.177,0.00504,1.499,0.0320
1035.00,0,Normal,35.03,26.407,0.01146,1.580,0.0600
1036.00,0,Normal,36.03,30.239,0.00000,1.194,0.0600
1037.00,0,Normal,37.03,27.826,0.00013,0.600,0.0600
1038.00,0,Normal,38.03,26.739,0.01034,1.350,0.0600
1039.00,0,Normal,39.03,28.653,0.00000,1.018,0.0600
1040.00,0,Normal,40.03,25.714,0.00117,0.736,0.0160
1041.00,0,Normal,41.03,26.949,0.00162,1.376,0.0160
1042.00,0,Normal,42.03,28.218,0.01202,0.201,0.0160
1043.00,0,Normal,43.03,25.615,0.00251,1.261,0.0160
1044.00,0,Normal,44.03,26.271,0.00113,1.610,0.0160
1045.00,0,Normal,45.03,30.031,0.00000,0.200,0.0200
1046.00,0,Normal,46.03,27.188,0.00000,1.015,0.0200
1047.00,0,Normal,47.03,25.215,0.00000,0.200,0.0200
1048.00,0,Normal,48.03,29.203,0.00524,1.091,0.0200
1049.00,0,Normal,49.03,28.240,0.00386,1.835,0.0200
1050.00,0,Normal,50.03,28.663,0.00725,0.211,0.0320
1051.00,0,Normal,51.03,26.960,0.00117,1.171,0.0320
1052.00,0,Normal,52.03,30.487,0.01104,0.362,0.0320
1053.00,0,Normal,53.03,28.938,0.00018,1.134,0.0320
1054.00,0,Normal,54.03,29.915,0.01265,1.564,0.0320
1055.00,0,Normal,55.03,29.829,0.00290,0.702,0.0480
1056.00,0,Normal,56.03,27.138,0.00483,0.728,0.0480
1057.00,0,Normal,57.03,26.235,0.00000,1.320,0.0480
1058.00,0,Normal,58.03,28.711,0.01308,0.757,0.0480
1059.00,0,Normal,59.03,25.905,0.00000,1.402,0.0480
1060.00,0,Normal,60.03,26.071,0.00354,1.457,0.0480
1061.00,0,Normal,61.03,27.657,0.00000,0.990,0.0480
1062.00,0,Normal,62.03,26.476,0.00135,1.419,0.0480
1063.00,0,Normal,63.03,28.709,0.00964,0.869,0.0480
1064.00,0,Normal,64.03,28.051,0.00913,1.230,0.0480
1065.00,0,Normal,65.03,29.868,0.00648,1.275,0.0520
1066.00,0,Normal,66.03,28.896,0.00406,0.613,0.0520
1067.00,0,Normal,67.03,26.393,0.00529,1.669,0.0520
1068.00,0,Normal,68.03,28.057,0.00000,1.375,0.0520
1069.00,0,Normal,69.03,27.721,0.00626,0.467,0.0520
1070.00,0,Normal,70.03,27.701,0.00454,0.839,0.0680
1071.00,0,Normal,71.03,29.415,0.00439,0.983,0.0680
1072.00,0,Normal,72.03,28.044,0.00738,2.016,0.0680
1073.00,0,Normal,73.03,26.644,0.00633,0.527,0.0680
1074.00,0,Normal,74.03,27.417,0.00000,1.039,0.0680
1075.00,0,Normal,75.03,24.397,0.00115,1.057,0.0600
1076.00,0,Normal,76.03,28.804,0.00289,0.200,0.0600
1077.00,0,Normal,77.03,27.337,0.00000,0.411,0.0600
1078.00,0,Normal,78.03,30.169,0.00150,1.494,0.0600
1079.00,0,Normal,79.03,28.997,0.00621,0.926,0.0600
1080.00,0,Normal,0.34,29.522,0.00301,1.157,0.0040
1081.00,0,Normal,1.34,26.740,0.00844,0.200,0.0040
1082.00,0,Normal,2.34,25.866,0.00697,0.459,0.0040
1083.00,0,Normal,3.34,27.696,0.00184,0.721,0.0040
1084.00,0,Normal,4.34,28.486,0.01463,0.934,0.0040
1085.00,0,Normal,5.34,26.528,0.00534,1.076,0.0120
1086.00,0,Normal,6.34,26.706,0.00000,1.690,0.0120
1087.00,0,Normal,7.34,29.683,0.01096,0.939,0.0120
1088.00,0,Normal,8.34,25.717,0.00000,0.628,0.0120
1089.00,0,Normal,9.34,32.885,0.01714,0.899,0.0120
1090.00,0,Normal,10.34,30.421,0.00608,1.407,0.0200
1091.00,0,Normal,11.34,28.058,0.00000,0.559,0.0200
1092.00,0,Normal,12.34,28.131,0.00345,0.897,0.0200
1093.00,0,Normal,13.34,27.902,0.01165,1.237,0.0200
1094.00,0,Normal,14.34,31.394,0.00000,0.937,0.0200
1095.00,0,Normal,15.34,27.915,0.00478,1.050,0.0160
1096.00,0,Normal,16.34,25.887,0.01318,1.768,0.0160
1097.00,0,Normal,17.34,29.520,0.00460,1.070,0.0160
1098.00,0,Normal,18.34,29.027,0.00460,1.204,0.0160
1099.00,0,Normal,19.34,29.701,0.00224,0.958,0.0160
1100.00,0,Normal,20.34,30.474,0.00000,1.013,0.0360
1101.00,0,Normal,21.34,27.032,0.00000,0.371,0.0360
1102.00,0,Normal,22.34,28.837,0.00492,1.562,0.0360
1103.00,0,Normal,23.34,27.655,0.00758,1.218,0.0360
1104.00,0,Normal,24.34,28.496,0.00888,0.826,0.0360
1105.00,0,Normal,25.34,25.548,0.00126,1.211,0.0160
1106.00,0,Normal,26.34,27.220,0.00234,1.136,0.0160
1107.00,0,Normal,27.34,28.076,0.00531,0.984,0.0160
1108.00,0,Normal,28.34,29.673,0.00071,0.200,0.0160
1109.00,0,Normal,29.34,26.172,0.00000,0.915,0.0160
1110.00,0,Normal,30.34,30.903,0.00768,1.125,0.0320
1111.00,0,Normal,31.34,26.505,0.00299,1.201,0.0320
1112.00,0,Normal,32.34,31.412,0.00579,1.385,0.0320
1113.00,0,Normal,33.34,26.672,0.00870,1.479,0.0320
1114.00,0,Normal,34.34,27.669,0.00744,0.976,0.0320
1115.00,0,Normal,35.34,27.492,0.00755,0.544,0.0600
1116.00,0,Normal,36.34,27.637,0.00959,1.346,0.0600
1117.00,0,Normal,37.34,29.643,0.00150,1.007,0.0600
1118.00,0,Normal,38.34,27.345,0.01251,1.413,0.0600
1119.00,0,Normal,39.34,31.380,0.00000,0.757,0.0600
1120.00,0,Normal,40.34,29.317,0.00043,0.785,0.0160
1121.00,0,Normal,41.34,24.791,0.00000,0.366,0.0160
1122.00,0,Normal,42.34,27.352,0.01530,1.883,0.0160
1123.00,0,Normal,43.34,24.817,0.00542,1.947,0.0160
1124.00,0,Normal,44.34,27.160,0.00819,1.528,0.0160
1125.00,0,Normal,45.34,30.478,0.01326,1.467,0.0200
1126.00,0,Normal,46.34,29.849,0.00430,0.408,0.0200
1127.00,0,Normal,47.34,26.425,0.00378,1.931,0.0200
1128.00,0,Normal,48.34,27.127,0.00000,0.853,0.0200
1129.00,0,Normal,49.34,26.757,0.00000,0.795,0.0200
1130.00,0,Normal,50.34,30.766,0.01178,1.176,0.0320
1131.00,0,Normal,51.34,30.168,0.00363,0.879,0.0320
1132.00,0,Normal,52.34,27.002,0.00780,1.584,0.0320
1133.00,0,Normal,53.34,27.041,0.00998,1.829,0.0320
1134.00,0,Normal,54.34,27.579,0.01317,0.532,0.0320
1135.00,0,Normal,55.34,28.493,0.00000,0.290,0.0480
1136.00,0,Normal,56.34,29.841,0.00000,1.532,0.0480
1137.00,0,Normal,57.34,28.076,0.01037,0.677,0.0480
1138.00,0,Normal,58.34,31.933,0.01397,1.708,0.0480
1139.00,0,Normal,59.34,28.651,0.01636,1.293,0.0480
1140.00,0,Normal,60.34,28.050,0.00517,0.967,0.0480
1141.00,0,Normal,61.34,26.916,0.00153,1.247,0.0480
1142.00,0,Normal,62.34,28.523,0.00296,0.442,0.0480
1143.00,0,Normal,63.34,28.207,0.00840,0.987,0.0480
1144.00,0,Normal,64.34,25.660,0.00034,0.761,0.0480
1145.00,0,Normal,65.34,27.951,0.00310,0.262,0.0520
1146.00,0,Normal,66.34,26.942,0.01032,1.375,0.0520
1147.00,0,Normal,67.34,24.910,0.00609,0.974,0.0520
1148.00,0,Normal,68.34,27.678,0.00891,0.200,0.0520
1149.00,0,Normal,69.34,25.583,0.00850,0.785,0.0520
1150.00,0,Normal,70.34,31.981,0.01135,1.093,0.0680
1151.00,0,Normal,71.34,27.830,0.00219,2.252,0.0680
1152.00,0,Normal,72.34,26.825,0.00186,0.997,0.0680
1153.00,0,Normal,73.34,28.405,0.00898,1.198,0.0680
1154.00,0,Normal,74.34,23.815,0.00000,2.131,0.0680
1155.00,0,Normal,75.34,27.268,0.00291,1.221,0.0600
1156.00,0,Normal,76.34,28.315,0.00083,1.297,0.0600
1157.00,0,Normal,77.34,25.706,0.00786,0.853,0.0600
1158.00,0,Normal,78.34,28.123,0.00743,1.308,0.0600
1159.00,0,Normal,79.34,29.825,0.00365,1.232,0.0600
1160.00,0,Normal,80.34,29.013,0.00433,1.311,0.0640
1161.00,0,Normal,81.34,29.663,0.00000,1.499,0.0640
1162.00,0,Normal,82.34,27.990,0.00449,0.303,0.0640
1163.00,0,Normal,83.34,26.828,0.00318,1.553,0.0640
1164.00,0,Normal,84.34,27.269,0.00648,1.466,0.0640
1165.00,0,Normal,85.34,25.765,0.00419,2.235,0.0680
1166.00,0,Normal,86.34,24.648,0.00313,1.219,0.0680
1167.00,0,Normal,87.34,28.474,0.00000,1.119,0.0680
1168.00,0,Normal,88.34,28.458,0.01078,1.510,0.0680
1169.00,0,Normal,89.34,23.865,0.00687,0.509,0.0680
1170.00,0,Normal,90.34,29.462,0.00505,0.680,0.0640
1171.00,0,Normal,91.34,29.040,0.00091,1.107,0.0640
1172.00,0,Normal,92.34,32.178,0.00000,1.124,0.0640
1173.00,0,Normal,93.34,28.152,0.01147,1.463,0.0640
1174.00,0,Normal,94.34,28.113,0.00437,0.941,0.0640
1175.00,0,Normal,95.34,29.122,0.00545,0.200,0.0640
1176.00,0,Normal,96.34,28.823,0.00365,0.228,0.0640
1177.00,0,Normal,97.34,28.191,0.00415,0.596,0.0640
1178.00,0,Normal,98.34,26.707,0.00379,0.586,0.0640
1179.00,0,Normal,99.34,25.647,0.01297,0.200,0.0640
1180.00,0,Normal,100.34,30.183,0.00000,0.287,0.0720
1181.00,0,Normal,101.34,30.355,0.00480,1.762,0.0720
1182.00,0,Normal,102.34,27.462,0.00661,1.341,0.0720
1183.00,0,Normal,103.34,25.820,0.00000,1.719,0.0720
1184.00,0,Normal,104.34,28.798,0.00394,0.200,0.0720
1185.00,0,Normal,105.34,27.703,0.00793,1.371,0.0360
1186.00,0,Normal,106.34,29.292,0.00000,0.830,0.0360
1187.00,0,Normal,107.34,24.475,0.00318,0.736,0.0360
1188.00,0,Normal,108.34,25.190,0.01138,1.038,0.0360
1189.00,0,Normal,109.34,31.194,0.00840,1.436,0.0360
1190.00,0,Normal,110.34,24.764,0.00916,1.723,0.0320
1191.00,0,Normal,111.34,29.961,0.00378,1.223,0.0320
1192.00,0,Normal,112.34,27.100,0.00000,0.963,0.0320
1193.00,0,Normal,113.34,29.233,0.00773,1.242,0.0320
1194.00,0,Normal,114.34,25.795,0.00031,1.111,0.0320
1195.00,0,Normal,115.34,29.093,0.00455,0.643,0.1120
1196.00,0,Normal,116.34,27.720,0.00734,0.931,0.1120
1197.00,0,Normal,117.34,28.605,0.00302,0.657,0.1120
1198.00,0,Normal,118.34,28.714,0.00600,1.059,0.1120
1199.00,0,Normal,119.34,26.925,0.00586,0.413,0.1120
1200.00,0,Normal,120.34,28.369,0.00497,0.663,0.0520
